<?xml version="1.0" encoding="UTF-8"?>
<GenRun Id="impl_1" LaunchPart="xc7a35tcpg236-1" LaunchTime="1733003047">
  <File Type="ROUTE-PWR" Name="ALU7Segment_power_routed.rpt"/>
  <File Type="PA-TCL" Name="ALU7Segment.tcl"/>
  <File Type="ROUTE-PWR-SUM" Name="ALU7Segment_power_summary_routed.pb"/>
  <File Type="REPORTS-TCL" Name="ALU7Segment_reports.tcl"/>
  <File Type="OPT-RQA-PB" Name="ALU7Segment_rqa_opted.pb"/>
  <File Type="BITSTR-MMI" Name="ALU7Segment.mmi"/>
  <File Type="OPT-METHODOLOGY-DRC" Name="ALU7Segment_methodology_drc_opted.rpt"/>
  <File Type="INIT-TIMING" Name="ALU7Segment_timing_summary_init.rpt"/>
  <File Type="OPT-TIMING" Name="ALU7Segment_timing_summary_opted.rpt"/>
  <File Type="OPT-DCP" Name="ALU7Segment_opt.dcp"/>
  <File Type="OPT-DRC" Name="ALU7Segment_drc_opted.rpt"/>
  <File Type="OPT-HWDEF" Name="ALU7Segment.hwdef"/>
  <File Type="PWROPT-DCP" Name="ALU7Segment_pwropt.dcp"/>
  <File Type="PWROPT-DRC" Name="ALU7Segment_drc_pwropted.rpt"/>
  <File Type="PWROPT-TIMING" Name="ALU7Segment_timing_summary_pwropted.rpt"/>
  <File Type="PLACE-DCP" Name="ALU7Segment_placed.dcp"/>
  <File Type="PLACE-IO" Name="ALU7Segment_io_placed.rpt"/>
  <File Type="PLACE-CLK" Name="ALU7Segment_clock_utilization_placed.rpt"/>
  <File Type="PLACE-UTIL" Name="ALU7Segment_utilization_placed.rpt"/>
  <File Type="PLACE-UTIL-PB" Name="ALU7Segment_utilization_placed.pb"/>
  <File Type="PLACE-CTRL" Name="ALU7Segment_control_sets_placed.rpt"/>
  <File Type="PLACE-SIMILARITY" Name="ALU7Segment_incremental_reuse_placed.rpt"/>
  <File Type="PLACE-PRE-SIMILARITY" Name="ALU7Segment_incremental_reuse_pre_placed.rpt"/>
  <File Type="BG-BIN" Name="ALU7Segment.bin"/>
  <File Type="PLACE-TIMING" Name="ALU7Segment_timing_summary_placed.rpt"/>
  <File Type="ROUTE-PWR-RPX" Name="ALU7Segment_power_routed.rpx"/>
  <File Type="PLACE-RQA-PB" Name="ALU7Segment_rqa_placed.pb"/>
  <File Type="POSTPLACE-PWROPT-DCP" Name="ALU7Segment_postplace_pwropt.dcp"/>
  <File Type="BITSTR-MSK" Name="ALU7Segment.msk"/>
  <File Type="POSTPLACE-PWROPT-TIMING" Name="ALU7Segment_timing_summary_postplace_pwropted.rpt"/>
  <File Type="PHYSOPT-DCP" Name="ALU7Segment_physopt.dcp"/>
  <File Type="PHYSOPT-DRC" Name="ALU7Segment_drc_physopted.rpt"/>
  <File Type="BITSTR-RBT" Name="ALU7Segment.rbt"/>
  <File Type="PHYSOPT-TIMING" Name="ALU7Segment_timing_summary_physopted.rpt"/>
  <File Type="ROUTE-ERROR-DCP" Name="ALU7Segment_routed_error.dcp"/>
  <File Type="ROUTE-DCP" Name="ALU7Segment_routed.dcp"/>
  <File Type="ROUTE-BLACKBOX-DCP" Name="ALU7Segment_routed_bb.dcp"/>
  <File Type="ROUTE-DRC" Name="ALU7Segment_drc_routed.rpt"/>
  <File Type="ROUTE-DRC-PB" Name="ALU7Segment_drc_routed.pb"/>
  <File Type="ROUTE-DRC-RPX" Name="ALU7Segment_drc_routed.rpx"/>
  <File Type="ROUTE-METHODOLOGY-DRC" Name="ALU7Segment_methodology_drc_routed.rpt"/>
  <File Type="ROUTE-METHODOLOGY-DRC-RPX" Name="ALU7Segment_methodology_drc_routed.rpx"/>
  <File Type="ROUTE-METHODOLOGY-DRC-PB" Name="ALU7Segment_methodology_drc_routed.pb"/>
  <File Type="ROUTE-RQS-PB" Name="ALU7Segment_rqs_routed.pb"/>
  <File Type="ROUTE-STATUS" Name="ALU7Segment_route_status.rpt"/>
  <File Type="ROUTE-STATUS-PB" Name="ALU7Segment_route_status.pb"/>
  <File Type="ROUTE-TIMINGSUMMARY" Name="ALU7Segment_timing_summary_routed.rpt"/>
  <File Type="ROUTE-TIMING-PB" Name="ALU7Segment_timing_summary_routed.pb"/>
  <File Type="ROUTE-TIMING-RPX" Name="ALU7Segment_timing_summary_routed.rpx"/>
  <File Type="ROUTE-SIMILARITY" Name="ALU7Segment_incremental_reuse_routed.rpt"/>
  <File Type="ROUTE-CLK" Name="ALU7Segment_clock_utilization_routed.rpt"/>
  <File Type="ROUTE-BUS-SKEW" Name="ALU7Segment_bus_skew_routed.rpt"/>
  <File Type="ROUTE-BUS-SKEW-PB" Name="ALU7Segment_bus_skew_routed.pb"/>
  <File Type="ROUTE-BUS-SKEW-RPX" Name="ALU7Segment_bus_skew_routed.rpx"/>
  <File Type="POSTROUTE-PHYSOPT-DCP" Name="ALU7Segment_postroute_physopt.dcp"/>
  <File Type="POSTROUTE-PHYSOPT-BLACKBOX-DCP" Name="ALU7Segment_postroute_physopt_bb.dcp"/>
  <File Type="POSTROUTE-PHYSOPT-TIMING" Name="ALU7Segment_timing_summary_postroute_physopted.rpt"/>
  <File Type="POSTROUTE-PHYSOPT-TIMING-PB" Name="ALU7Segment_timing_summary_postroute_physopted.pb"/>
  <File Type="POSTROUTE-PHYSOPT-TIMING-RPX" Name="ALU7Segment_timing_summary_postroute_physopted.rpx"/>
  <File Type="POSTROUTE-PHYSOPT-BUS-SKEW" Name="ALU7Segment_bus_skew_postroute_physopted.rpt"/>
  <File Type="BG-BIT" Name="ALU7Segment.bit"/>
  <File Type="POSTROUTE-PHYSOPT-BUS-SKEW-PB" Name="ALU7Segment_bus_skew_postroute_physopted.pb"/>
  <File Type="POSTROUTE-PHYSOPT-BUS-SKEW-RPX" Name="ALU7Segment_bus_skew_postroute_physopted.rpx"/>
  <File Type="BITSTR-NKY" Name="ALU7Segment.nky"/>
  <File Type="BITSTR-BMM" Name="ALU7Segment_bd.bmm"/>
  <File Type="PDI-FILE" Name="ALU7Segment.pdi"/>
  <File Type="BOOT-PDI-FILE" Name="ALU7Segment_boot.pdi"/>
  <File Type="PL-PDI-FILE" Name="ALU7Segment_pld.pdi"/>
  <File Type="RCFI_FILE" Name="ALU7Segment.rcfi"/>
  <File Type="CFI_FILE" Name="ALU7Segment.cfi"/>
  <File Type="RNPI_FILE" Name="ALU7Segment.rnpi"/>
  <File Type="NPI_FILE" Name="ALU7Segment.npi"/>
  <File Type="RBD_FILE" Name="ALU7Segment.rbd"/>
  <File Type="BITSTR-LTX" Name="debug_nets.ltx"/>
  <File Type="BITSTR-LTX" Name="ALU7Segment.ltx"/>
  <File Type="BITSTR-SYSDEF" Name="ALU7Segment.sysdef"/>
  <File Type="BG-BGN" Name="ALU7Segment.bgn"/>
  <File Type="BG-DRC" Name="ALU7Segment.drc"/>
  <File Type="RDI-RDI" Name="ALU7Segment.vdi"/>
  <File Type="WBT-USG" Name="usage_statistics_webtalk.html"/>
  <File Type="ROUTE-RQS" Name="ALU7Segment_routed.rqs"/>
  <File Type="POSTROUTE-PHYSOPT-RQS" Name="ALU7Segment_postroute_physopted.rqs"/>
  <File Type="ROUTE-RQS-RPT" Name="route_report_qor_suggestions_0.rpt"/>
  <File Type="POSTROUTE-PHYSOPT-RQS-RPT" Name="postroute_physopt_report_qor_suggestions_0.rpt"/>
  <FileSet Name="sources" Type="DesignSrcs" RelSrcDir="$PSRCDIR/sources_1" RelGenDir="$PGENDIR/sources_1">
    <Filter Type="Srcs"/>
    <File Path="$PSRCDIR/sources_1/new/ALU.vhd">
      <FileInfo>
        <Attr Name="UsedIn" Val="synthesis"/>
        <Attr Name="UsedIn" Val="simulation"/>
      </FileInfo>
    </File>
    <File Path="$PSRCDIR/sources_1/imports/new/BCD7SEGConverter.vhd">
      <FileInfo>
        <Attr Name="ImportPath" Val="$PPRDIR/../Display/Display.srcs/sources_1/new/BCD7SEGConverter.vhd"/>
        <Attr Name="ImportTime" Val="1732534417"/>
        <Attr Name="UsedIn" Val="synthesis"/>
        <Attr Name="UsedIn" Val="simulation"/>
      </FileInfo>
    </File>
    <File Path="$PSRCDIR/sources_1/imports/new/BCDTiming7Segment.vhd">
      <FileInfo>
        <Attr Name="ImportPath" Val="$PPRDIR/../Display/Display.srcs/sources_1/new/BCDTiming7Segment.vhd"/>
        <Attr Name="ImportTime" Val="1732535698"/>
        <Attr Name="UsedIn" Val="synthesis"/>
        <Attr Name="UsedIn" Val="simulation"/>
      </FileInfo>
    </File>
    <File Path="$PSRCDIR/sources_1/imports/new/Binary7Segment.vhd">
      <FileInfo>
        <Attr Name="ImportPath" Val="$PPRDIR/../Display/Display.srcs/sources_1/new/Binary7Segment.vhd"/>
        <Attr Name="ImportTime" Val="1732535356"/>
        <Attr Name="UsedIn" Val="synthesis"/>
        <Attr Name="UsedIn" Val="simulation"/>
      </FileInfo>
    </File>
    <File Path="$PSRCDIR/sources_1/imports/new/BinaryBCDConverter.vhd">
      <FileInfo>
        <Attr Name="ImportPath" Val="$PPRDIR/../Display/Display.srcs/sources_1/new/BinaryBCDConverter.vhd"/>
        <Attr Name="ImportTime" Val="1732355485"/>
        <Attr Name="UsedIn" Val="synthesis"/>
        <Attr Name="UsedIn" Val="simulation"/>
      </FileInfo>
    </File>
    <File Path="$PSRCDIR/sources_1/imports/new/BinaryDecimalConverter.vhd">
      <FileInfo>
        <Attr Name="ImportPath" Val="$PPRDIR/../Display/Display.srcs/sources_1/new/BinaryDecimalConverter.vhd"/>
        <Attr Name="ImportTime" Val="1732284829"/>
        <Attr Name="UsedIn" Val="synthesis"/>
        <Attr Name="UsedIn" Val="simulation"/>
      </FileInfo>
    </File>
    <File Path="$PSRCDIR/sources_1/imports/new/DecimalBCDConverter.vhd">
      <FileInfo>
        <Attr Name="ImportPath" Val="$PPRDIR/../Display/Display.srcs/sources_1/new/DecimalBCDConverter.vhd"/>
        <Attr Name="ImportTime" Val="1732285353"/>
        <Attr Name="UsedIn" Val="synthesis"/>
        <Attr Name="UsedIn" Val="simulation"/>
      </FileInfo>
    </File>
    <File Path="$PSRCDIR/sources_1/imports/new/NewClk.vhd">
      <FileInfo>
        <Attr Name="ImportPath" Val="$PPRDIR/../Display/Display.srcs/sources_1/new/NewClk.vhd"/>
        <Attr Name="ImportTime" Val="1732535774"/>
        <Attr Name="UsedIn" Val="synthesis"/>
        <Attr Name="UsedIn" Val="simulation"/>
      </FileInfo>
    </File>
    <File Path="$PSRCDIR/sources_1/imports/new/Timing7Segment.vhd">
      <FileInfo>
        <Attr Name="ImportPath" Val="$PPRDIR/../Display/Display.srcs/sources_1/new/Timing7Segment.vhd"/>
        <Attr Name="ImportTime" Val="1732534834"/>
        <Attr Name="UsedIn" Val="synthesis"/>
        <Attr Name="UsedIn" Val="simulation"/>
      </FileInfo>
    </File>
    <File Path="$PSRCDIR/sources_1/new/ALU7segment.vhd">
      <FileInfo>
        <Attr Name="UsedIn" Val="synthesis"/>
        <Attr Name="UsedIn" Val="simulation"/>
      </FileInfo>
    </File>
    <Config>
      <Option Name="DesignMode" Val="RTL"/>
      <Option Name="TopModule" Val="ALU7Segment"/>
      <Option Name="TopAutoSet" Val="TRUE"/>
    </Config>
  </FileSet>
  <FileSet Name="constrs_in" Type="Constrs" RelSrcDir="$PSRCDIR/constrs_1" RelGenDir="$PGENDIR/constrs_1">
    <Filter Type="Constrs"/>
    <File Path="$PSRCDIR/constrs_1/new/cnts.xdc">
      <FileInfo>
        <Attr Name="UsedIn" Val="synthesis"/>
        <Attr Name="UsedIn" Val="implementation"/>
      </FileInfo>
    </File>
    <Config>
      <Option Name="TargetConstrsFile" Val="$PSRCDIR/constrs_1/new/cnts.xdc"/>
      <Option Name="ConstrsType" Val="XDC"/>
    </Config>
  </FileSet>
  <FileSet Name="utils" Type="Utils" RelSrcDir="$PSRCDIR/utils_1" RelGenDir="$PGENDIR/utils_1">
    <Filter Type="Utils"/>
    <File Path="$PSRCDIR/utils_1/imports/synth_1/ALU7Segment.dcp">
      <FileInfo>
        <Attr Name="UsedIn" Val="synthesis"/>
        <Attr Name="UsedIn" Val="implementation"/>
        <Attr Name="UsedInSteps" Val="synth_1"/>
        <Attr Name="AutoDcp" Val="1"/>
      </FileInfo>
    </File>
    <Config>
      <Option Name="TopAutoSet" Val="TRUE"/>
    </Config>
  </FileSet>
  <Strategy Version="1" Minor="2">
    <StratHandle Name="Vivado Implementation Defaults" Flow="Vivado Implementation 2024"/>
    <Step Id="init_design"/>
    <Step Id="opt_design"/>
    <Step Id="power_opt_design"/>
    <Step Id="place_design"/>
    <Step Id="post_place_power_opt_design"/>
    <Step Id="phys_opt_design"/>
    <Step Id="route_design"/>
    <Step Id="post_route_phys_opt_design"/>
    <Step Id="write_bitstream"/>
  </Strategy>
</GenRun>
