<?xml version="1.0" encoding="UTF-8"?>
<GenRun Id="synth_1" LaunchPart="xc7a35tcpg236-1" LaunchTime="1733992887" LaunchIncrCheckpoint="$PSRCDIR/utils_1/imports/synth_1/Stopwatch.dcp">
  <File Type="PA-TCL" Name="Stopwatch.tcl"/>
  <File Type="RDS-PROPCONSTRS" Name="Stopwatch_drc_synth.rpt"/>
  <File Type="REPORTS-TCL" Name="Stopwatch_reports.tcl"/>
  <File Type="RDS-RDS" Name="Stopwatch.vds"/>
  <File Type="RDS-UTIL" Name="Stopwatch_utilization_synth.rpt"/>
  <File Type="RDS-UTIL-PB" Name="Stopwatch_utilization_synth.pb"/>
  <File Type="RDS-DCP" Name="Stopwatch.dcp"/>
  <File Type="VDS-TIMINGSUMMARY" Name="Stopwatch_timing_summary_synth.rpt"/>
  <File Type="VDS-TIMING-PB" Name="Stopwatch_timing_summary_synth.pb"/>
  <FileSet Name="sources" Type="DesignSrcs" RelSrcDir="$PSRCDIR/sources_1" RelGenDir="$PGENDIR/sources_1">
    <Filter Type="Srcs"/>
    <File Path="$PSRCDIR/sources_1/imports/new/BCD7SEGConverter.vhd">
      <FileInfo>
        <Attr Name="ImportPath" Val="$PPRDIR/../Display/Display.srcs/sources_1/new/BCD7SEGConverter.vhd"/>
        <Attr Name="ImportTime" Val="1732534417"/>
        <Attr Name="UsedIn" Val="synthesis"/>
        <Attr Name="UsedIn" Val="simulation"/>
      </FileInfo>
    </File>
    <File Path="$PSRCDIR/sources_1/imports/new/BCDTiming7Segment.vhd">
      <FileInfo>
        <Attr Name="ImportPath" Val="$PPRDIR/../Display/Display.srcs/sources_1/new/BCDTiming7Segment.vhd"/>
        <Attr Name="ImportTime" Val="1732535698"/>
        <Attr Name="UsedIn" Val="synthesis"/>
        <Attr Name="UsedIn" Val="simulation"/>
      </FileInfo>
    </File>
    <File Path="$PSRCDIR/sources_1/imports/new/Binary7Segment.vhd">
      <FileInfo>
        <Attr Name="ImportPath" Val="$PPRDIR/../Display/Display.srcs/sources_1/new/Binary7Segment.vhd"/>
        <Attr Name="ImportTime" Val="1732535356"/>
        <Attr Name="UsedIn" Val="synthesis"/>
        <Attr Name="UsedIn" Val="simulation"/>
      </FileInfo>
    </File>
    <File Path="$PSRCDIR/sources_1/imports/new/BinaryBCDConverter.vhd">
      <FileInfo>
        <Attr Name="ImportPath" Val="$PPRDIR/../Display/Display.srcs/sources_1/new/BinaryBCDConverter.vhd"/>
        <Attr Name="ImportTime" Val="1732355485"/>
        <Attr Name="UsedIn" Val="synthesis"/>
        <Attr Name="UsedIn" Val="simulation"/>
      </FileInfo>
    </File>
    <File Path="$PSRCDIR/sources_1/imports/new/BinaryDecimalConverter.vhd">
      <FileInfo>
        <Attr Name="ImportPath" Val="$PPRDIR/../Display/Display.srcs/sources_1/new/BinaryDecimalConverter.vhd"/>
        <Attr Name="ImportTime" Val="1732284829"/>
        <Attr Name="UsedIn" Val="synthesis"/>
        <Attr Name="UsedIn" Val="simulation"/>
      </FileInfo>
    </File>
    <File Path="$PSRCDIR/sources_1/imports/new/DecimalBCDConverter.vhd">
      <FileInfo>
        <Attr Name="ImportPath" Val="$PPRDIR/../Display/Display.srcs/sources_1/new/DecimalBCDConverter.vhd"/>
        <Attr Name="ImportTime" Val="1732285353"/>
        <Attr Name="UsedIn" Val="synthesis"/>
        <Attr Name="UsedIn" Val="simulation"/>
      </FileInfo>
    </File>
    <File Path="$PSRCDIR/sources_1/new/FSM_controller.vhd">
      <FileInfo>
        <Attr Name="UsedIn" Val="synthesis"/>
        <Attr Name="UsedIn" Val="simulation"/>
      </FileInfo>
    </File>
    <File Path="$PSRCDIR/sources_1/imports/new/NewClk.vhd">
      <FileInfo>
        <Attr Name="ImportPath" Val="$PPRDIR/../Display/Display.srcs/sources_1/new/NewClk.vhd"/>
        <Attr Name="ImportTime" Val="1732535774"/>
        <Attr Name="UsedIn" Val="synthesis"/>
        <Attr Name="UsedIn" Val="simulation"/>
      </FileInfo>
    </File>
    <File Path="$PSRCDIR/sources_1/new/StateMachine.vhd">
      <FileInfo>
        <Attr Name="UsedIn" Val="synthesis"/>
        <Attr Name="UsedIn" Val="simulation"/>
      </FileInfo>
    </File>
    <File Path="$PSRCDIR/sources_1/imports/new/Timing7Segment.vhd">
      <FileInfo>
        <Attr Name="ImportPath" Val="$PPRDIR/../Display/Display.srcs/sources_1/new/Timing7Segment.vhd"/>
        <Attr Name="ImportTime" Val="1732534834"/>
        <Attr Name="UsedIn" Val="synthesis"/>
        <Attr Name="UsedIn" Val="simulation"/>
      </FileInfo>
    </File>
    <File Path="$PSRCDIR/sources_1/new/Watch.vhd">
      <FileInfo>
        <Attr Name="UsedIn" Val="synthesis"/>
        <Attr Name="UsedIn" Val="simulation"/>
      </FileInfo>
    </File>
    <File Path="$PSRCDIR/sources_1/new/Stopwatch.vhd">
      <FileInfo>
        <Attr Name="UsedIn" Val="synthesis"/>
        <Attr Name="UsedIn" Val="simulation"/>
      </FileInfo>
    </File>
    <Config>
      <Option Name="DesignMode" Val="RTL"/>
      <Option Name="TopModule" Val="Stopwatch"/>
      <Option Name="TopAutoSet" Val="TRUE"/>
    </Config>
  </FileSet>
  <FileSet Name="constrs_in" Type="Constrs" RelSrcDir="$PSRCDIR/constrs_1" RelGenDir="$PGENDIR/constrs_1">
    <Filter Type="Constrs"/>
    <File Path="$PSRCDIR/constrs_1/new/cnts.xdc">
      <FileInfo>
        <Attr Name="UsedIn" Val="synthesis"/>
        <Attr Name="UsedIn" Val="implementation"/>
      </FileInfo>
    </File>
    <Config>
      <Option Name="TargetConstrsFile" Val="$PSRCDIR/constrs_1/new/cnts.xdc"/>
      <Option Name="ConstrsType" Val="XDC"/>
    </Config>
  </FileSet>
  <FileSet Name="utils" Type="Utils" RelSrcDir="$PSRCDIR/utils_1" RelGenDir="$PGENDIR/utils_1">
    <Filter Type="Utils"/>
    <File Path="$PSRCDIR/utils_1/imports/synth_1/Stopwatch.dcp">
      <FileInfo>
        <Attr Name="UsedIn" Val="synthesis"/>
        <Attr Name="UsedIn" Val="implementation"/>
        <Attr Name="UsedInSteps" Val="synth_1"/>
        <Attr Name="AutoDcp" Val="1"/>
      </FileInfo>
    </File>
    <Config>
      <Option Name="TopAutoSet" Val="TRUE"/>
    </Config>
  </FileSet>
  <Strategy Version="1" Minor="2">
    <StratHandle Name="Vivado Synthesis Defaults" Flow="Vivado Synthesis 2024"/>
    <Step Id="synth_design"/>
  </Strategy>
</GenRun>
